name;iso_code;status
AFGHANISTAN;AF;active
ÅLAND ISLANDS;AX;active
ALBANIA;AL;active
ALGERIA;DZ;active
AMERICAN SAMOA;AS;active
ANDORRA;AD;active
ANGOLA;AO;active
ANGUILLA;AI;active
ANTARCTICA;AQ;active
ANTIGUA AND BARBUDA;AG;active
ARGENTINA;AR;active
ARMENIA;AM;active
ARUBA;AW;active
AUSTRALIA;AU;active
AUSTRIA;AT;active
AZERBAIJAN;AZ;active
BAHAMAS;BS;active
BAHRAIN;BH;active
BANGLADESH;BD;active
BARBADOS;BB;active
BELARUS;BY;active
BELGIUM;BE;active
BELIZE;BZ;active
BENIN;BJ;active
BERMUDA;BM;active
BHUTAN;BT;active
BOLIVIA, PLURINATIONAL STATE OF;BO;active
BONAIRE, SINT EUSTATIUS AND SABA;BQ;active
BOSNIA AND HERZEGOVINA;BA;active
BOTSWANA;BW;active
BOUVET ISLAND;BV;active
BRAZIL;BR;active
BRITISH INDIAN OCEAN TERRITORY;IO;active
BRUNEI DARUSSALAM;BN;active
BULGARIA;BG;active
BURKINA FASO;BF;active
BURUNDI;BI;active
CAMBODIA;KH;active
CAMEROON;CM;active
CANADA;CA;active
CAPE VERDE;CV;active
CAYMAN ISLANDS;KY;active
CENTRAL AFRICAN REPUBLIC;CF;active
CHAD;TD;active
CHILE;CL;active
CHINA;CN;active
CHRISTMAS ISLAND;CX;active
COCOS (KEELING) ISLANDS;CC;active
COLOMBIA;CO;active
COMOROS;KM;active
CONGO;CG;active
CONGO, THE DEMOCRATIC REPUBLIC OF THE;CD;active
COOK ISLANDS;CK;active
COSTA RICA;CR;active
CÔTE D'IVOIRE;CI;active
CROATIA;HR;active
CUBA;CU;active
CURAÇAO;CW;active
CYPRUS;CY;active
CZECH REPUBLIC;CZ;active
DENMARK;DK;active
DJIBOUTI;DJ;active
DOMINICA;DM;active
DOMINICAN REPUBLIC;DO;active
ECUADOR;EC;active
EGYPT;EG;active
EL SALVADOR;SV;active
EQUATORIAL GUINEA;GQ;active
ERITREA;ER;active
ESTONIA;EE;active
ETHIOPIA;ET;active
FALKLAND ISLANDS (MALVINAS);FK;active
FAROE ISLANDS;FO;active
FIJI;FJ;active
FINLAND;FI;active
FRANCE;FR;active
FRENCH GUIANA;GF;active
FRENCH POLYNESIA;PF;active
FRENCH SOUTHERN TERRITORIES;TF;active
GABON;GA;active
GAMBIA;GM;active
GEORGIA;GE;active
GERMANY;DE;active
GHANA;GH;active
GIBRALTAR;GI;active
GREECE;GR;active
GREENLAND;GL;active
GRENADA;GD;active
GUADELOUPE;GP;active
GUAM;GU;active
GUATEMALA;GT;active
GUERNSEY;GG;active
GUINEA;GN;active
GUINEA-BISSAU;GW;active
GUYANA;GY;active
HAITI;HT;active
HEARD ISLAND AND MCDONALD ISLANDS;HM;active
HOLY SEE (VATICAN CITY STATE);VA;active
HONDURAS;HN;active
HONG KONG;HK;active
HUNGARY;HU;active
ICELAND;IS;active
INDIA;IN;active
INDONESIA;ID;active
IRAN, ISLAMIC REPUBLIC OF;IR;active
IRAQ;IQ;active
IRELAND;IE;active
ISLE OF MAN;IM;active
ISRAEL;IL;active
ITALY;IT;active
JAMAICA;JM;active
JAPAN;JP;active
JERSEY;JE;active
JORDAN;JO;active
KAZAKHSTAN;KZ;active
KENYA;KE;active
KIRIBATI;KI;active
KOREA, DEMOCRATIC PEOPLE'S REPUBLIC OF;KP;active
KOREA, REPUBLIC OF;KR;active
KUWAIT;KW;active
KYRGYZSTAN;KG;active
LAO PEOPLE'S DEMOCRATIC REPUBLIC;LA;active
LATVIA;LV;active
LEBANON;LB;active
LESOTHO;LS;active
LIBERIA;LR;active
LIBYA;LY;active
LIECHTENSTEIN;LI;active
LITHUANIA;LT;active
LUXEMBOURG;LU;active
MACAO;MO;active
MACEDONIA, THE FORMER YUGOSLAV REPUBLIC OF;MK;active
MADAGASCAR;MG;active
MALAWI;MW;active
MALAYSIA;MY;active
MALDIVES;MV;active
MALI;ML;active
MALTA;MT;active
MARSHALL ISLANDS;MH;active
MARTINIQUE;MQ;active
MAURITANIA;MR;active
MAURITIUS;MU;active
MAYOTTE;YT;active
MEXICO;MX;active
MICRONESIA, FEDERATED STATES OF;FM;active
MOLDOVA, REPUBLIC OF;MD;active
MONACO;MC;active
MONGOLIA;MN;active
MONTENEGRO;ME;active
MONTSERRAT;MS;active
MOROCCO;MA;active
MOZAMBIQUE;MZ;active
MYANMAR;MM;active
NAMIBIA;NA;active
NAURU;NR;active
NEPAL;NP;active
NETHERLANDS;NL;active
NEW CALEDONIA;NC;active
NEW ZEALAND;NZ;active
NICARAGUA;NI;active
NIGER;NE;active
NIGERIA;NG;active
NIUE;NU;active
NORFOLK ISLAND;NF;active
NORTHERN MARIANA ISLANDS;MP;active
NORWAY;NO;active
OMAN;OM;active
PAKISTAN;PK;active
PALAU;PW;active
PALESTINIAN TERRITORY, OCCUPIED;PS;active
PANAMA;PA;active
PAPUA NEW GUINEA;PG;active
PARAGUAY;PY;active
PERU;PE;active
PHILIPPINES;PH;active
PITCAIRN;PN;active
POLAND;PL;active
PORTUGAL;PT;active
PUERTO RICO;PR;active
QATAR;QA;active
RÉUNION;RE;active
ROMANIA;RO;active
RUSSIAN FEDERATION;RU;active
RWANDA;RW;active
SAINT BARTHÉLEMY;BL;active
SAINT HELENA, ASCENSION AND TRISTAN DA CUNHA;SH;active
SAINT KITTS AND NEVIS;KN;active
SAINT LUCIA;LC;active
SAINT MARTIN (FRENCH PART);MF;active
SAINT PIERRE AND MIQUELON;PM;active
SAINT VINCENT AND THE GRENADINES;VC;active
SAMOA;WS;active
SAN MARINO;SM;active
SAO TOME AND PRINCIPE;ST;active
SAUDI ARABIA;SA;active
SENEGAL;SN;active
SERBIA;RS;active
SEYCHELLES;SC;active
SIERRA LEONE;SL;active
SINGAPORE;SG;active
SINT MAARTEN (DUTCH PART);SX;active
SLOVAKIA;SK;active
SLOVENIA;SI;active
SOLOMON ISLANDS;SB;active
SOMALIA;SO;active
SOUTH AFRICA;ZA;active
SOUTH GEORGIA AND THE SOUTH SANDWICH ISLANDS;GS;active
SOUTH SUDAN;SS;active
SPAIN;ES;active
SRI LANKA;LK;active
SUDAN;SD;active
SURINAME;SR;active
SVALBARD AND JAN MAYEN;SJ;active
SWAZILAND;SZ;active
SWEDEN;SE;active
SWITZERLAND;CH;active
SYRIAN ARAB REPUBLIC;SY;active
TAIWAN, PROVINCE OF CHINA;TW;active
TAJIKISTAN;TJ;active
TANZANIA, UNITED REPUBLIC OF;TZ;active
THAILAND;TH;active
TIMOR-LESTE;TL;active
TOGO;TG;active
TOKELAU;TK;active
TONGA;TO;active
TRINIDAD AND TOBAGO;TT;active
TUNISIA;TN;active
TURKEY;TR;active
TURKMENISTAN;TM;active
TURKS AND CAICOS ISLANDS;TC;active
TUVALU;TV;active
UGANDA;UG;active
UKRAINE;UA;active
UNITED ARAB EMIRATES;AE;active
UNITED KINGDOM;GB;active
UNITED STATES;US;active
UNITED STATES MINOR OUTLYING ISLANDS;UM;active
URUGUAY;UY;active
UZBEKISTAN;UZ;active
VANUATU;VU;active
VENEZUELA, BOLIVARIAN REPUBLIC OF;VE;active
VIET NAM;VN;active
VIRGIN ISLANDS, BRITISH;VG;active
VIRGIN ISLANDS, U.S.;VI;active
WALLIS AND FUTUNA;WF;active
WESTERN SAHARA;EH;active
YEMEN;YE;active
ZAMBIA;ZM;active
ZIMBABWE;ZW;active
